algorithm;environment;iteration;seed_count;reward_Mean;reward_StdDev;reward_max_mean;reward_max_Max;evaluation_reward_Mean;evaluation_reward_StdDev;duration_Mean;time_total_Mean;entropy_Mean;steps_trained_Mean;steps_sampled_Mean;reward_StdError;reward_upperErrorBound;reward_lowerErrorBound
TD3;InvertedPendulum-v4;1;30;4,7822748945832;0,16028311960025313;17,733333333333334;26,0;;;1,4307711601257325;1,4307711601257325;;0,0;1000,0;0,02926356006411902;4,8115384546473186;4,753011334519081
TD3;InvertedPendulum-v4;2;30;4,802842005195141;0,16501450505274876;18,733333333333334;33,0;;;1,3459262053171794;2,776697365442912;;0,0;2000,0;0,030127388910980234;4,832969394106121;4,772714616284161
TD3;InvertedPendulum-v4;3;30;4,779900360318481;0,1542645767817795;17,6;30,0;;;1,3753889799118042;4,152086345354716;;0,0;3000,0;0,028164729509122775;4,808065089827604;4,751735630809359
TD3;InvertedPendulum-v4;4;30;4,764725473705621;0,188596305472557;17,133333333333333;26,0;;;1,3637324810028075;5,515818826357523;;0,0;4000,0;0,03443281692315149;4,799158290628772;4,73029265678247
TD3;InvertedPendulum-v4;5;30;4,8227984444970335;0,15547022739105545;17,533333333333335;25,0;24,78666666666667;8,583895640547833;1,3961581707000732;6,911976997057597;;0,0;5000,0;0,028384850187512873;4,851183294684547;4,79441359430952
TD3;InvertedPendulum-v4;6;30;4,843301758876001;0,20817271689716094;17,666666666666668;22,0;;;1,378960649172465;8,290937646230061;;0,0;6000,0;0,038006964300570635;4,881308723176571;4,80529479457543
TD3;InvertedPendulum-v4;7;30;4,758864473918103;0,1953648454266488;18,166666666666668;28,0;;;1,3766536474227906;9,667591293652853;;0,0;7000,0;0,035668577594561844;4,794533051512665;4,723195896323541
TD3;InvertedPendulum-v4;8;30;4,767870191253432;0,15347454143917777;17,5;28,0;;;1,3591115156809488;11,026702809333802;;0,0;8000,0;0,02802048944966635;4,795890680703098;4,739849701803766
TD3;InvertedPendulum-v4;9;30;4,796567354199413;0,19216159152847512;18,666666666666668;32,0;;;1,3503555059432983;12,3770583152771;;0,0;9000,0;0,03508374612207982;4,831651100321493;4,7614836080773335
TD3;InvertedPendulum-v4;10;30;4,766740828896699;0,2063694809748121;19,266666666666666;26,0;25,456666666666663;9,792103903174981;1,3808713595072428;13,757929674784343;;0,0;10000,0;0,037677739970179265;4,804418568866878;4,72906308892652
TD3;InvertedPendulum-v4;11;30;3,63680832856064;1,0380934052836688;14,533333333333333;50,0;;;9,536688113212586;23,294617787996927;;20000,0;11000,0;0,189529058290406;3,826337386851046;3,4472792702702337
TD3;InvertedPendulum-v4;12;30;3,9815041164863576;1,9614951408092833;10,333333333333334;49,0;;;9,352294596036275;32,6469123840332;;40000,0;12000,0;0,3581183783526722;4,33962249483903;3,6233857381336856
TD3;InvertedPendulum-v4;13;30;5,767666666666667;5,1931086187790045;22,1;115,0;;;9,333978041013081;41,98089042504628;;60000,0;13000,0;0,9481275780265856;6,715794244693253;4,819539088640081
TD3;InvertedPendulum-v4;14;30;7,609333333333334;8,536803461093228;23,7;115,0;;;9,390208800633749;51,371099225680034;;80000,0;14000,0;1,558599941542979;9,167933274876313;6,050733391790355
TD3;InvertedPendulum-v4;15;30;9,597666666666667;12,18316466540479;26,566666666666666;153,0;14,67;21,65043839645333;9,388749345143635;60,75984857082367;;100000,0;15000,0;2,2243313696806943;11,821998036347361;7,373335296985973
TD3;InvertedPendulum-v4;16;30;11,638666666666667;15,943818764073093;29,6;153,0;;;9,407898449897766;70,16774702072144;;120000,0;16000,0;2,910929729952324;14,549596396618991;8,727736936714344
TD3;InvertedPendulum-v4;17;30;13,656;19,658106444047892;30,0;153,0;;;9,430266443888346;79,59801346460978;;140000,0;17000,0;3,589062779080899;17,2450627790809;10,066937220919101
TD3;InvertedPendulum-v4;18;30;15,237666666666666;22,58320625404293;32,1;153,0;;;9,46633701324463;89,0643504778544;;160000,0;18000,0;4,123110495377019;19,360777162043686;11,114556171289646
TD3;InvertedPendulum-v4;19;30;16,762666666666668;25,39150250655187;34,5;171,0;;;9,37246168454488;98,43681216239929;;180000,0;19000,0;4,635832897262476;21,398499563929143;12,126833769404193
TD3;InvertedPendulum-v4;20;30;18,086000000000002;27,83813975156361;36,666666666666664;178,0;23,38;38,09521103036805;9,416832542419433;107,85364470481872;;200000,0;20000,0;5,082525700304217;23,16852570030422;13,003474299695785
TD3;InvertedPendulum-v4;21;30;19,351333333333333;30,21831629227926;41,766666666666666;257,0;;;9,377198998133341;117,23084370295207;;220000,0;21000,0;5,517084494369074;24,86841782770241;13,834248838964259
TD3;InvertedPendulum-v4;22;30;20,212666666666667;31,835552879232942;41,93333333333333;257,0;;;9,442612965901693;126,67345666885376;;240000,0;22000,0;5,812350147534807;26,025016814201475;14,40031651913186
TD3;InvertedPendulum-v4;23;30;20,672;32,725292907200526;41,96666666666667;257,0;;;9,474292397499084;136,14774906635284;;260000,0;23000,0;5,974793708745848;26,646793708745847;14,697206291254153
TD3;InvertedPendulum-v4;24;30;21,129;33,66495193254684;45,96666666666667;295,0;;;9,421626091003418;145,56937515735626;;280000,0;24000,0;6,146351190261013;27,275351190261013;14,982648809738988
TD3;InvertedPendulum-v4;25;30;21,334999999999997;34,190263158209035;47,3;295,0;22,38;37,67893768178167;9,390289441744487;154,95966459910076;;300000,0;25000,0;6,242259459596304;27,577259459596302;15,092740540403693
TD3;InvertedPendulum-v4;26;30;21,542333333333332;34,75685471299481;50,166666666666664;295,0;;;9,394626363118489;164,35429096221924;;320000,0;26000,0;6,345704451412335;27,888037784745666;15,196628881920997
TD3;InvertedPendulum-v4;27;30;21,880038869257948;35,69279088467412;47,766666666666666;370,0;;;9,428738681475322;173,78302964369456;;340000,0;27000,0;6,5165822359502625;28,39662110520821;15,363456633307685
TD3;InvertedPendulum-v4;28;30;22,19987027914614;36,63575502033437;47,833333333333336;370,0;;;9,377951327959696;183,16098097165425;;360000,0;28000,0;6,688743145290091;28,88861342443623;15,51112713385605
TD3;InvertedPendulum-v4;29;30;22,311548387096774;36,91899593135136;48,46666666666667;370,0;;;9,416436815261841;192,5774177869161;;380000,0;29000,0;6,740455624014197;29,05200401111097;15,571092763082579
TD3;InvertedPendulum-v4;30;30;23,002666666666666;37,863101675717836;50,36666666666667;390,0;33,53;66,83565613528816;9,424963720639546;202,00238150755564;;400000,0;30000,0;6,912824961634104;29,91549162830077;16,089841705032562
TD3;InvertedPendulum-v4;31;30;23,293666666666663;38,278299288719474;49,766666666666666;390,0;;;9,344644284248352;211,347025791804;;420000,0;31000,0;6,988629327788537;30,2822959944552;16,305037338878126
TD3;InvertedPendulum-v4;32;30;24,04933333333333;39,83555056975368;55,63333333333333;464,0;;;9,333195368448893;220,6802211602529;;440000,0;32000,0;7,272943212563954;31,32227654589728;16,776390120769378
TD3;InvertedPendulum-v4;33;30;25,012666666666668;41,51628171953856;63,766666666666666;579,0;;;9,329546682039897;230,00976784229277;;460000,0;33000,0;7,5798013338435455;32,592468000510216;17,432865332823123
TD3;InvertedPendulum-v4;34;30;25,805333333333333;42,59402303329564;65,86666666666666;579,0;;;9,383740893999736;239,39350873629252;;480000,0;34000,0;7,776569076743547;33,58190241007688;18,02876425658979
TD3;InvertedPendulum-v4;35;30;26,878390070921984;44,78909168323213;71,83333333333333;633,0;45,92666666666666;101,38935852932745;9,377050685882569;248,7705594221751;;500000,0;35000,0;8,177331948357756;35,05572201927974;18,701058122564227
TD3;InvertedPendulum-v4;36;30;28,162333333333333;46,635148848919954;74,86666666666666;633,0;;;9,31705355644226;258,08761297861736;;520000,0;36000,0;8,51437433238818;36,67670766572151;19,647959000945153
TD3;InvertedPendulum-v4;37;30;29,567333333333334;48,39247304918495;79,76666666666667;633,0;;;9,341567707061767;267,4291806856791;;540000,0;37000,0;8,835216367499802;38,402549700833134;20,732116965833534
TD3;InvertedPendulum-v4;38;30;31,105333333333338;51,086552703489765;80,3;633,0;;;9,309240547815959;276,7384212334951;;560000,0;38000,0;9,327085766959291;40,43241910029263;21,77824756637405
TD3;InvertedPendulum-v4;39;30;31,817;51,88891059189615;81,13333333333334;633,0;;;9,254386035601298;285,9928072690964;;580000,0;39000,0;9,47357560518342;41,29057560518342;22,34342439481658
TD3;InvertedPendulum-v4;40;30;33,182;54,02764799235857;99,1;973,0;57,88333333333333;122,98778488079644;9,424680829048157;295,41748809814453;;600000,0;40000,0;9,86405384478783;43,046053844787835;23,317946155212173
TD3;InvertedPendulum-v4;41;30;34,60666666666667;56,74333862367387;111,56666666666666;973,0;;;9,420644036928813;304,83813213507335;;620000,0;41000,0;10,359868850780108;44,96653551744678;24,24679781588656
TD3;InvertedPendulum-v4;42;30;34,89976420150053;57,675962403855834;111,2;973,0;;;9,291889095306397;314,1300212303797;;640000,0;42000,0;10,530141878137242;45,429906079637774;24,369622323363288
TD3;InvertedPendulum-v4;43;30;35,37523694779116;58,99072428900435;110,86666666666666;973,0;;;9,297742001215617;323,42776323159535;;660000,0;43000,0;10,770183458885194;46,14542040667635;24,605053488905966
TD3;InvertedPendulum-v4;44;30;36,093333333333334;60,49249393923601;111,8;1000,0;;;9,359354615211487;332,78711784680684;;680000,0;44000,0;11,044367830088037;47,13770116342137;25,0489655032453
TD3;InvertedPendulum-v4;45;30;36,725;62,46731861403679;111,13333333333334;1000,0;63,29;148,72962358264235;9,328108390172323;342,11522623697914;;700000,0;45000,0;11,404919837256767;48,129919837256764;25,320080162743235
TD3;InvertedPendulum-v4;46;30;37,675;64,83535097619891;115,93333333333334;1000,0;;;9,294924012819926;351,4101502497991;;720000,0;46000,0;11,837261417809579;49,512261417809576;25,83773858219042
TD3;InvertedPendulum-v4;47;30;38,311;66,18541199565418;117,9;1000,0;;;9,262709895769754;360,67286014556885;;740000,0;47000,0;12,08374770926427;50,394747709264266;26,22725229073573
TD3;InvertedPendulum-v4;48;30;39,347;68,45478150852071;119,6;1000,0;;;9,311515847841898;369,98437599341077;;760000,0;48000,0;12,498076000434772;51,84507600043477;26,84892399956523
TD3;InvertedPendulum-v4;49;30;39,91866666666667;69,62419673198903;123,33333333333333;1000,0;;;9,236184922854106;379,22056091626484;;780000,0;49000,0;12,71158103276262;52,63024769942929;27,207085633904047
TD3;InvertedPendulum-v4;50;30;41,195;72,5556427022119;123,73333333333333;1000,0;115,50666666666666;264,99328805206306;9,40791494846344;388,6284758647283;;800000,0;50000,0;13,246787394095515;54,44178739409551;27,948212605904487
TD3;InvertedPendulum-v4;51;30;41,689;73,67675188233419;124,1;1000,0;;;9,233853077888488;397,8623289426168;;820000,0;51000,0;13,451472989888547;55,14047298988855;28,237527010111453
TD3;InvertedPendulum-v4;52;30;42,369666666666674;74,8839622571705;145,6;1000,0;;;9,215023406346639;407,0773523489634;;840000,0;52000,0;13,671878441205918;56,041545107872594;28,697788225460755
TD3;InvertedPendulum-v4;53;30;44,95066666666666;80,90795915552836;146,33333333333334;1000,0;;;9,230184626579284;416,3075369755427;;860000,0;53000,0;14,771704770396504;59,72237143706317;30,17896189627016
TD3;InvertedPendulum-v4;54;30;46,49633333333334;83,9286120496146;154,26666666666668;1000,0;;;9,224244062105814;425,5317810376485;;880000,0;54000,0;15,323198013224603;61,819531346557945;31,173135320108734
TD3;InvertedPendulum-v4;55;30;49,3309674796748;86,75334144069082;183,9;1000,0;89,47;213,0204849304404;9,333553258577982;434,8653342962265;;900000,0;55000,0;15,838920682004696;65,1698881616795;33,4920467976701
TD3;InvertedPendulum-v4;56;30;49,751999999999995;87,04799727934484;188,26666666666668;1000,0;;;9,268984349568685;444,1343186457952;;920000,0;56000,0;15,892717231848499;65,64471723184849;33,859282768151495
TD3;InvertedPendulum-v4;57;30;50,766333333333336;88,75629417149788;187,83333333333334;1000,0;;;9,237391908963522;453,3717105547587;;940000,0;57000,0;16,204608146097897;66,97094147943123;34,56172518723544
TD3;InvertedPendulum-v4;58;30;51,32833333333333;89,14883061810015;189,86666666666667;1000,0;;;9,276177207628885;462,6478877623876;;960000,0;58000,0;16,27627516824689;67,60460850158023;35,05205816508644
TD3;InvertedPendulum-v4;59;30;51,94466666666666;89,71686931419437;194,23333333333332;1000,0;;;9,31594234307607;471,96383010546367;;980000,0;59000,0;16,3799843707091;68,32465103737576;35,56468229595757
TD3;InvertedPendulum-v4;60;30;55,253;93,83283272706952;206,46666666666667;1000,0;112,57666666666667;253,79943436709522;9,404967164993286;481,3687972704569;;1000000,0;60000,0;17,131453039741654;72,38445303974166;38,12154696025834
TD3;InvertedPendulum-v4;61;30;57,22985488958991;98,83294675423613;206,93333333333334;1000,0;;;9,337040662765503;490,7058379332224;;1020000,0;61000,0;18,04434478733404;75,27419967692396;39,18551010225587
TD3;InvertedPendulum-v4;62;30;57,84171505376344;99,13713175766489;209,26666666666668;1000,0;;;9,280813566843669;499,9866515000661;;1040000,0;62000,0;18,09988111667828;75,94159617044171;39,74183393708516
TD3;InvertedPendulum-v4;63;30;59,25866666666666;100,51725457415974;210,23333333333332;1000,0;;;9,330188385645549;509,31683988571166;;1060000,0;63000,0;18,35185591625221;77,61052258291888;40,90681075041445
TD3;InvertedPendulum-v4;64;30;60,809769230769234;102,11696488462387;225,83333333333334;1000,0;;;9,301415594418843;518,6182554801305;;1080000,0;64000,0;18,643921723757142;79,45369095452638;42,16584750701209
TD3;InvertedPendulum-v4;65;30;65,30274358974359;108,05584415994481;227,93333333333334;1000,0;171,84666666666666;332,5391547942353;9,4654101451238;528,0836656252543;;1100000,0;65000,0;19,728207772221545;85,03095136196512;45,57453581752204
TD3;InvertedPendulum-v4;66;30;67,493;110,15516658410722;243,3;1000,0;;;9,344481738408406;537,4281473636627;;1120000,0;66000,0;20,111489854618274;87,60448985461827;47,381510145381725
TD3;InvertedPendulum-v4;67;30;68,75233333333334;111,10009353741782;245,43333333333334;1000,0;;;9,273791154225668;546,7019385178884;;1140000,0;67000,0;20,284009123792554;89,0363424571259;48,46832420954078
TD3;InvertedPendulum-v4;68;30;71,64733333333334;114,73447258579361;247,76666666666668;1000,0;;;9,350636204083761;556,0525747219722;;1160000,0;68000,0;20,947552919565748;92,59488625289909;50,699780413767584
TD3;InvertedPendulum-v4;69;30;72,90833333333333;116,98993393430915;248,2;1000,0;;;9,36993317604065;565,4225078980128;;1180000,0;69000,0;21,35934193895341;94,26767527228674;51,548991394379925
TD3;InvertedPendulum-v4;70;30;75,63966666666667;120,70272794915537;247,2;1000,0;227,3;390,2848809214393;9,566510025660197;574,989017923673;;1200000,0;70000,0;22,037202283387224;97,67686895005389;53,60246438327945
TD3;InvertedPendulum-v4;71;30;77,67666666666668;123,03404278921127;246,6;1000,0;;;9,305486067136128;584,2945039908092;;1220000,0;71000,0;22,462840192235614;100,1395068589023;55,21382647443106
TD3;InvertedPendulum-v4;72;30;79,27453474320241;125,1838251130009;249,43333333333334;1000,0;;;9,324539844195048;593,6190438350042;;1240000,0;72000,0;22,8553349497241;102,1298696929265;56,41919979347831
TD3;InvertedPendulum-v4;73;30;82,15466666666666;129,49105552210887;251,4;1000,0;;;9,284185401598613;602,9032292366028;;1260000,0;73000,0;23,641724034870975;105,79639070153763;58,51294263179568
TD3;InvertedPendulum-v4;74;30;83,34966666666668;131,05813196844164;258,96666666666664;1000,0;;;9,263036863009136;612,1662660996119;;1280000,0;74000,0;23,927831741201476;107,27749840786815;59,421834925465205
TD3;InvertedPendulum-v4;75;30;86,00633333333333;135,69690453317295;262,03333333333336;1000,0;220,05333333333334;387,3522657054254;9,578978856404623;621,7452449560166;;1300000,0;75000,0;24,774751865481285;110,78108519881462;61,231581467852045
TD3;InvertedPendulum-v4;76;30;86,99366666666667;137,34199728097173;262,03333333333336;1000,0;;;9,339187447230021;631,0844324032465;;1320000,0;76000,0;25,0751033345338;112,06877000120048;61,91856333213287
TD3;InvertedPendulum-v4;77;30;87,65766666666667;138,5118762661946;262,03333333333336;1000,0;;;9,300512067476909;640,3849444707234;;1340000,0;77000,0;25,28869303778641;112,94635970445307;62,36897362888026
TD3;InvertedPendulum-v4;78;30;89,173;141,3038518924915;256,73333333333335;1000,0;;;9,33939950466156;649,7243439753851;;1360000,0;78000,0;25,798435714628884;114,97143571462888;63,37456428537112
TD3;InvertedPendulum-v4;79;30;90,92966666666666;144,90699265589188;258,8;1000,0;;;9,281346774101257;659,0056907494862;;1380000,0;79000,0;26,45627620595581;117,38594287262248;64,47339046071085
TD3;InvertedPendulum-v4;80;30;94,38799999999999;150,8120643303652;256,8666666666667;1000,0;189,98333333333332;357,6108500276121;9,55744149684906;668,5631322463354;;1400000,0;80000,0;27,53438985922042;121,9223898592204;66,85361014077958
TD3;InvertedPendulum-v4;81;30;95,78333333333333;152,48117937754748;256,46666666666664;1000,0;;;9,3749768892924;677,9381091356278;;1420000,0;81000,0;27,839127180024764;123,62246051335809;67,94420615330857
TD3;InvertedPendulum-v4;82;30;96,68163675213675;153,77706943348784;253,86666666666667;1000,0;;;9,264638106028238;687,202747241656;;1440000,0;82000,0;28,075723251919822;124,75736000405658;68,60591350021693
TD3;InvertedPendulum-v4;83;30;99,41283333333332;157,4685433265484;253,63333333333333;1000,0;;;9,27179140249888;696,4745386441549;;1460000,0;83000,0;28,749691092476716;128,16252442581003;70,66314224085662
TD3;InvertedPendulum-v4;84;30;100,63577547495682;159,5474368306124;254,36666666666667;1000,0;;;9,24822122255961;705,7227598667145;;1480000,0;84000,0;29,129243381418988;129,7650188563758;71,50653209353783
TD3;InvertedPendulum-v4;85;30;104,68430906768839;165,8588056599226;258,73333333333335;1000,0;206,48;364,9090036783379;9,544937467575073;715,2676973342896;;1500000,0;85000,0;30,281536406935043;134,96584547462342;74,40277266075334
TD3;InvertedPendulum-v4;86;30;106,19;167,08368359638808;261,1333333333333;1000,0;;;9,286459628740946;724,5541569630306;;1520000,0;86000,0;30,50516749893255;136,69516749893256;75,68483250106745
TD3;InvertedPendulum-v4;87;30;107,26676470588235;167,50852472272754;266,0;1000,0;;;9,300791589419047;733,8549485524495;;1540000,0;87000,0;30,582732521683226;137,84949722756556;76,68403218419913
TD3;InvertedPendulum-v4;88;30;109,452;169,3822102656674;267,56666666666666;1000,0;;;9,24278351465861;743,0977320671082;;1560000,0;88000,0;30,924819134196383;140,37681913419638;78,52718086580362
TD3;InvertedPendulum-v4;89;30;110,61366666666666;170,35161259488612;267,6333333333333;1000,0;;;9,244496210416157;752,3422282775243;;1580000,0;89000,0;31,1018069752001;141,71547364186677;79,51185969146655
TD3;InvertedPendulum-v4;90;30;115,14233333333333;177,08633103431615;272,03333333333336;1000,0;255,9;416,5500408735115;9,62112021446228;761,9633484919866;;1600000,0;90000,0;32,33139271110737;147,4737260444407;82,81094062222596
TD3;InvertedPendulum-v4;91;30;117,422;179,20491344480098;272,8666666666667;1000,0;;;9,243210061391194;771,2065585533778;;1620000,0;91000,0;32,718191169826106;150,1401911698261;84,7038088301739
TD3;InvertedPendulum-v4;92;30;118,536;179,51564921889891;273,6;1000,0;;;9,253719194730122;780,460277748108;;1640000,0;92000,0;32,774923500791864;151,31092350079186;85,76107649920814
TD3;InvertedPendulum-v4;93;30;120,751;181,58958745307868;277,7;1000,0;;;9,23638588587443;789,6966636339823;;1660000,0;93000,0;33,15357108536943;153,90457108536944;87,59742891463057
TD3;InvertedPendulum-v4;94;30;122,61999999999999;182,92675093298016;277,73333333333335;1000,0;;;9,22944164276123;798,9261052767436;;1680000,0;94000,0;33,39770261904081;156,0177026190408;89,22229738095919
TD3;InvertedPendulum-v4;95;30;127,16499999999999;189,29889778264462;281,8666666666667;1000,0;252,45666666666665;402,9778848071916;9,525047787030537;808,4511530637741;;1700000,0;95000,0;34,56109214213971;161,7260921421397;92,60390785786029
TD3;InvertedPendulum-v4;96;30;129,96866666666668;192,5582536261176;282,8666666666667;1000,0;;;9,221170624097189;817,6723236878713;;1720000,0;96000,0;35,156166381608514;165,1248330482752;94,81250028505816
TD3;InvertedPendulum-v4;97;30;131,33728104575164;193,40176296803617;288,6666666666667;1000,0;;;9,203514766693115;826,8758384545644;;1740000,0;97000,0;35,31016941295356;166,6474504587052;96,02711163279807
TD3;InvertedPendulum-v4;98;30;134,16166666666666;196,66520748484587;289,1333333333333;1000,0;;;9,194276404380798;836,0701148589452;;1760000,0;98000,0;35,90599013862797;170,06765680529463;98,25567652803869
TD3;InvertedPendulum-v4;99;30;135,279;197,06583416593864;307,3333333333333;1000,0;;;9,203907378514607;845,2740222374598;;1780000,0;99000,0;35,97913422875229;171,25813422875228;99,29986577124771
TD3;InvertedPendulum-v4;100;30;138,82769918699188;203,0046015297281;305,3;1000,0;297,74;432,37744095671303;9,61002410252889;854,8840463399887;;1800000,0;100000,0;37,06339984505994;175,8910990320518;101,76429934193195
TD3;InvertedPendulum-v4;101;30;142,83014285714287;206,76566521295814;329,56666666666666;1000,0;;;9,244383136431376;864,1284294764201;;1820000,0;101000,0;37,75007298489946;180,58021584204232;105,08006987224341
TD3;InvertedPendulum-v4;102;30;145,27700000000002;208,54552972085432;328,9;1000,0;;;9,224755064646404;873,3531845410665;;1840000,0;102000,0;38,075030298325316;183,35203029832533;107,2019697016747
TD3;InvertedPendulum-v4;103;30;148,49166666666667;211,25548864664637;330,3333333333333;1000,0;;;9,254567011197407;882,607751552264;;1860000,0;103000,0;38,56979884284824;187,0614655095149;109,92186782381843
TD3;InvertedPendulum-v4;104;30;149,458;212,15338116723396;331,9;1000,0;;;9,208432666460673;891,8161842187245;;1880000,0;104000,0;38,73373083876191;188,1917308387619;110,72426916123808
TD3;InvertedPendulum-v4;105;30;152,60166666666666;218,79495479090468;331,23333333333335;1000,0;291,9933333333333;437,44199767893036;9,643752876917521;901,4599370956421;;1900000,0;105000,0;39,94631073576717;192,54797740243384;112,65535593089949
TD3;InvertedPendulum-v4;106;30;156,42999999999998;223,06517116351202;330,93333333333334;1000,0;;;9,236314185460408;910,6962512811025;;1920000,0;106000,0;40,72594201333548;197,15594201333545;115,70405798666451
TD3;InvertedPendulum-v4;107;30;158,417;225,53463551044123;333,5;1000,0;;;9,227111379305521;919,923362660408;;1940000,0;107000,0;41,17680245592478;199,5938024559248;117,24019754407522
TD3;InvertedPendulum-v4;108;30;160,90566666666666;228,32333748260473;334,26666666666665;1000,0;;;9,260653026898702;929,1840156873067;;1960000,0;108000,0;41,68594744802914;202,5916141146958;119,21971921863752
TD3;InvertedPendulum-v4;109;30;162,0463333333333;229,51208913367887;333,3666666666667;1000,0;;;9,29031457901001;938,4743302663168;;1980000,0;109000,0;41,902982812884076;203,94931614621737;120,14335052044923
TD3;InvertedPendulum-v4;110;30;165,114;234,81288047852203;334,96666666666664;1000,0;304,88;432,09575279815806;9,66171636581421;948,136046632131;;2000000,0;110000,0;42,87077047695033;207,98477047695033;122,24322952304968
TD3;InvertedPendulum-v4;111;30;168,29399432171058;238,26435216883635;333,0;1000,0;;;9,314259974161784;957,4503066062928;;2020000,0;111000,0;43,50092011074221;211,7949144324528;124,79307421096837
TD3;InvertedPendulum-v4;112;30;172,13946913580244;241,9868227870676;335,96666666666664;1000,0;;;9,307677578926086;966,7579841852188;;2040000,0;112000,0;44,180547153160695;216,32001628896313;127,95892198264175
TD3;InvertedPendulum-v4;113;30;175,26536585365855;244,23933737621329;338,3333333333333;1000,0;;;9,29367001056671;976,0516541957855;;2060000,0;113000,0;44,591798170355545;219,85716402401408;130,67356768330302
TD3;InvertedPendulum-v4;114;30;177,04366666666667;245,1002923855279;342,23333333333335;1000,0;;;9,346451799074808;985,3981059948603;;2080000,0;114000,0;44,748986330221776;221,79265299688845;132,29468033644488
TD3;InvertedPendulum-v4;115;30;181,61333333333334;251,355975451952;343,7;1000,0;317,6433333333333;434,144499767256;9,66510378519694;995,0632097800573;;2100000,0;115000,0;45,8911125729163;227,50444590624966;135,72222076041703
TD3;InvertedPendulum-v4;116;30;185,0773333333333;253,54399055068885;348,7;1000,0;;;9,342458820343017;1004,4056686004003;;2120000,0;116000,0;46,29058764816299;231,3679209814963;138,78674568517033
TD3;InvertedPendulum-v4;117;30;189,07933333333332;255,50972922880004;353,3;1000,0;;;9,300449005762736;1013,706117606163;;2140000,0;117000,0;46,649480786883615;235,72881412021695;142,4298525464497
TD3;InvertedPendulum-v4;118;30;192,032;257,73661743779417;353,3;1000,0;;;9,316135994593303;1023,0222536007564;;2160000,0;118000,0;47,0560530885864;239,0880530885864;144,97594691141362
TD3;InvertedPendulum-v4;119;30;194,39566666666667;259,89627630882944;354,8666666666667;1000,0;;;9,380243547757466;1032,4024971485137;;2180000,0;119000,0;47,45035104864712;241,8460177153138;146,94531561801955
TD3;InvertedPendulum-v4;120;30;198,97299999999998;265,04451464963785;362,3666666666667;1000,0;338,93666666666667;438,39738899560166;9,838596955935161;1042,2410941044488;;2200000,0;120000,0;48,390286472205034;247,363286472205;150,58271352779497
TD3;InvertedPendulum-v4;121;30;201,57666666666668;267,11589650901743;362,7;1000,0;;;9,347754184405009;1051,588848288854;;2220000,0;121000,0;48,768467328734765;250,34513399540145;152,8081993379319
TD3;InvertedPendulum-v4;122;30;206,02;269,50059689013295;375,2;1000,0;;;9,33208835919698;1060,9209366480509;;2240000,0;122000,0;49,20385205927748;255,22385205927748;156,81614794072254
TD3;InvertedPendulum-v4;123;30;210,585;272,24038654696585;402,23333333333335;1000,0;;;9,296076472600301;1070,2170131206512;;2260000,0;123000,0;49,70406692523305;260,28906692523304;160,88093307476697
TD3;InvertedPendulum-v4;124;30;213,085;274,6056716614219;405,06666666666666;1000,0;;;9,248852022488911;1079,4658651431403;;2280000,0;124000,0;50,13590692927264;263,22090692927264;162,94909307072737
TD3;InvertedPendulum-v4;125;30;217,45;279,5016954115503;416,73333333333335;1000,0;380,01;458,96808945495445;9,766266369819641;1089,2321315129598;;2300000,0;125000,0;51,02979447928143;268,4797944792814;166,42020552071855
TD3;InvertedPendulum-v4;126;30;220,30966666666666;281,8970249073395;426,26666666666665;1000,0;;;9,248302857081095;1098,480434370041;;2320000,0;126000,0;51,46711981178184;271,7767864784485;168,8425468548848
TD3;InvertedPendulum-v4;127;30;226,88433333333333;284,79668566072417;461,1666666666667;1000,0;;;9,297705348332723;1107,7781397183737;;2340000,0;127000,0;51,996523013028906;278,88085634636224;174,88781032030442
TD3;InvertedPendulum-v4;128;30;230,66166666666666;287,95749571508935;461,3666666666667;1000,0;;;9,204415694872539;1116,9825554132462;;2360000,0;128000,0;52,57360533528389;283,23527200195053;178,0880613313828
TD3;InvertedPendulum-v4;129;30;233,3220894308943;291,49939413360147;463,53333333333336;1000,0;;;9,196168271700541;1126,1787236849466;;2380000,0;129000,0;53,220264555354206;286,5423539862485;180,1018248755401
TD3;InvertedPendulum-v4;130;30;236,88933333333335;295,55239113055495;471,1666666666667;1000,0;381,65999999999997;453,04918177108357;9,693562499682109;1135,8722861846288;;2400000,0;130000,0;53,96023718226491;290,84957051559826;182,92909615106845
TD3;InvertedPendulum-v4;131;30;238,95466666666667;298,5112888725782;469,23333333333335;1000,0;;;9,253106196721395;1145,1253923813501;;2420000,0;131000,0;54,50045552848398;293,45512219515064;184,4542111381827
TD3;InvertedPendulum-v4;132;30;241,96066666666667;301,43359600339875;467,8666666666667;1000,0;;;9,287678011258443;1154,4130703926087;;2440000,0;132000,0;55,03399337365352;296,9946600403202;186,92667329301315
TD3;InvertedPendulum-v4;133;30;242,082;305,6789812904358;447,53333333333336;1000,0;;;9,208105754852294;1163,621176147461;;2460000,0;133000,0;55,809091135990435;297,89109113599045;186,27290886400957
TD3;InvertedPendulum-v4;134;30;241,40666666666667;309,9962918502729;439,8;1000,0;;;9,205589230855306;1172,8267653783162;;2480000,0;134000,0;56,597320596449784;298,00398726311647;184,8093460702169
TD3;InvertedPendulum-v4;135;30;242,54933333333335;312,8018233028848;412,7;1000,0;376,46666666666664;445,95815586398817;9,700143806139629;1182,526909184456;;2500000,0;135000,0;57,109538217245046;299,6588715505784;185,4397951160883
TD3;InvertedPendulum-v4;136;30;247,27833601070952;316,69489803164953;413,76666666666665;1000,0;;;9,234799734751384;1191,7617089192072;;2520000,0;136000,0;57,82031316624429;305,0986491769538;189,45802284446523
TD3;InvertedPendulum-v4;137;30;250,75333333333336;319,2633057776793;416,43333333333334;1000,0;;;9,191823124885559;1200,9535320440928;;2540000,0;137000,0;58,28923811936813;309,0425714527015;192,46409521396524
TD3;InvertedPendulum-v4;138;30;253,96666666666667;322,49317590570365;417,56666666666666;1000,0;;;9,181979107856751;1210,1355111519495;;2560000,0;138000,0;58,87892902834514;312,8455956950118;195,08773763832153
TD3;InvertedPendulum-v4;139;30;256,68766666666664;325,5839215262891;418,5;1000,0;;;9,183272306124369;1219,318783458074;;2580000,0;139000,0;59,443219393646785;316,1308860603134;197,24444727301986
TD3;InvertedPendulum-v4;140;30;260,21466666666663;330,28085479851353;418,6;1000,0;428,9533333333333;468,5326991373383;9,668436940511068;1228,987220398585;;2600000,0;140000,0;60,300758161744746;320,51542482841137;199,9139085049219
TD3;InvertedPendulum-v4;141;30;263,6723333333333;331,2238936563161;435,9;1000,0;;;9,283869640032451;1238,2710900386176;;2620000,0;141000,0;60,47293271341887;324,14526604675217;203,19940061991446
TD3;InvertedPendulum-v4;142;30;268,0642976554536;332,7564444644857;460,53333333333336;1000,0;;;9,184595998128255;1247,4556860367456;;2640000,0;142000,0;60,75273692947129;328,81703458492484;207,31156072598228
TD3;InvertedPendulum-v4;143;30;272,5901851851852;333,9808837835327;491,8333333333333;1000,0;;;9,274832185109457;1256,7305182218552;;2660000,0;143000,0;60,97628794125073;333,56647312643594;211,61389724393445
TD3;InvertedPendulum-v4;144;30;274,99600000000004;334,76610702255164;492,3666666666667;1000,0;;;9,19613188902537;1265,9266501108805;;2680000,0;144000,0;61,119649434813375;336,1156494348134;213,87635056518667
TD3;InvertedPendulum-v4;145;30;276,577;336,14011697864004;494,2;1000,0;454,42333333333335;476,4808869657608;9,845459254582723;1275,7721093654632;;2700000,0;145000,0;61,37050818387548;337,94750818387547;215,20649181612453
TD3;InvertedPendulum-v4;146;30;280,0176666666667;338,12970098391423;518,2666666666667;1000,0;;;9,283321968714397;1285,0554313341777;;2720000,0;146000,0;61,73375486378886;341,75142153045556;218,2839118028778
TD3;InvertedPendulum-v4;147;30;285,09166666666664;339,5962251636527;517,9333333333333;1000,0;;;9,248151103655497;1294,3035824378333;;2740000,0;147000,0;62,00150432191204;347,09317098857866;223,09016234475462
TD3;InvertedPendulum-v4;148;30;289,42900000000003;340,3235376900371;520,3333333333334;1000,0;;;9,271963628133138;1303,5755460659664;;2760000,0;148000,0;62,1342928142643;351,56329281426434;227,29470718573572
TD3;InvertedPendulum-v4;149;30;292,88199999999995;343,0164182699694;522,2;1000,0;;;9,256302817662556;1312,831848883629;;2780000,0;149000,0;62,62594329369647;355,5079432936964;230,25605670630347
TD3;InvertedPendulum-v4;150;30;294,623;344,2974898918987;526,8666666666667;1000,0;517,7133333333334;462,67693557453634;9,80036731561025;1322,632216199239;;2800000,0;150000,0;62,85983390206661;357,4828339020666;231,76316609793338
TD3;InvertedPendulum-v4;151;30;297,813;343,25075963097504;529,6;1000,0;;;9,271583191553752;1331,9037993907928;;2820000,0;151000,0;62,668727976889556;360,48172797688954;235,14427202311043
TD3;InvertedPendulum-v4;152;30;302,12833333333333;345,3365220515254;529,6;1000,0;;;9,311676955223083;1341,215476346016;;2840000,0;152000,0;63,04953435266689;365,17786768600024;239,07879898066645
TD3;InvertedPendulum-v4;153;30;306,04766666666666;346,45316560314006;531,8;1000,0;;;9,274380747477213;1350,4898570934931;;2860000,0;153000,0;63,25340463997091;369,3010713066376;242,79426202669575
TD3;InvertedPendulum-v4;154;30;309,8666666666667;346,9009318118849;562,9;1000,0;;;9,241154901186626;1359,7310119946799;;2880000,0;154000,0;63,33515519097695;373,2018218576436;246,53151147568974
TD3;InvertedPendulum-v4;155;30;311,27233333333334;345,8671170349849;566,3666666666667;1000,0;506,37666666666667;469,77763828941625;9,909600098927816;1369,6406120936076;;2900000,0;155000,0;63,14640729978018;374,41874063311354;248,12592603355316
TD3;InvertedPendulum-v4;156;30;313,67033333333336;346,2019820107345;566,3666666666667;1000,0;;;9,297740157445272;1378,938352251053;;2920000,0;156000,0;63,20754500009234;376,8778783334257;250,462788333241
TD3;InvertedPendulum-v4;157;30;314,4506666666667;343,4864137445999;569,0333333333333;1000,0;;;9,298180484771729;1388,2365327358245;;2940000,0;157000,0;62,711752334823295;377,16241900149;251,73891433184338
TD3;InvertedPendulum-v4;158;30;315,68933333333337;341,93196568639337;569,0333333333333;1000,0;;;9,224282717704773;1397,4608154535294;;2960000,0;158000,0;62,42795024617336;378,1172835795067;253,26138308716
TD3;InvertedPendulum-v4;159;30;319,16633333333334;342,2663266147691;570,5;1000,0;;;9,28405749797821;1406,7448729515077;;2980000,0;159000,0;62,48899592044662;381,65532925377994;256,67733741288674
TD3;InvertedPendulum-v4;160;30;321,6917634408602;342,3782792405775;570,5666666666667;1000,0;529,8766666666667;479,8165006170254;10,011214137077332;1416,756087088585;;3000000,0;160000,0;62,50943557995568;384,20119902081586;259,18232786090454
TD3;InvertedPendulum-v4;161;30;325,40414912280704;343,717050482661;571,8666666666667;1000,0;;;9,444249534606934;1426,2003366231918;;3020000,0;161000,0;62,75386064949846;388,1580097723055;262,6502884733086
TD3;InvertedPendulum-v4;162;30;329,6183333333333;345,62211807698736;571,0;1000,0;;;9,323769076665242;1435,524105699857;;3040000,0;162000,0;63,10167681449334;392,7200101478266;266,51665651883997
TD3;InvertedPendulum-v4;163;30;332,7916666666667;345,7059782340791;572,9666666666667;1000,0;;;9,287030108769734;1444,811135808627;;3060000,0;163000,0;63,11698751439837;395,90865418106506;269,6746791522683
TD3;InvertedPendulum-v4;164;30;336,242;345,94184706043615;573,6;1000,0;;;9,27628832658132;1454,087424135208;;3080000,0;164000,0;63,16005107333437;399,4020510733344;273,08194892666563
TD3;InvertedPendulum-v4;165;30;339,11133333333333;346,9939075757853;576,3;1000,0;542,5166666666667;475,43975366792387;10,088261238733928;1464,175685373942;;3100000,0;165000,0;63,352130165373445;402,4634634987068;275,75920316795987
TD3;InvertedPendulum-v4;166;30;343,929;347,6276024252548;585,1666666666666;1000,0;;;9,280932950973511;1473,4566183249156;;3120000,0;166000,0;63,46782648658321;407,39682648658317;280,4611735134168
TD3;InvertedPendulum-v4;167;30;347,739;348,9381324211875;598,0;1000,0;;;9,351957575480144;1482,8085759003957;;3140000,0;167000,0;63,707095433603044;411,44609543360303;284,0319045663969
TD3;InvertedPendulum-v4;168;30;350,93566666666663;349,4735249869174;604,1666666666666;1000,0;;;9,305811556180318;1492,114387456576;;3160000,0;168000,0;63,80484429539333;414,74051096205994;287,1308223712733
TD3;InvertedPendulum-v4;169;30;354,706;349,0655903250355;607,3;1000,0;;;9,293118913968405;1501,4075063705445;;3180000,0;169000,0;63,730365956626336;418,43636595662633;290,9756340433737
TD3;InvertedPendulum-v4;170;30;357,486;350,15041219847024;607,3;1000,0;562,52;474,2590405224147;9,959892964363098;1511,3673993349075;;3200000,0;170000,0;63,928426426944746;421,4144264269447;293,55757357305527
TD3;InvertedPendulum-v4;171;30;360,16793103448276;351,34186085094797;607,2666666666667;1000,0;;;9,25101265112559;1520,6184119860332;;3220000,0;171000,0;64,14595419463514;424,3138852291179;296,02197683984764
TD3;InvertedPendulum-v4;172;30;362,88189655172414;353,4897113958522;619,2;1000,0;;;9,431010532379151;1530,0494225184123;;3240000,0;172000,0;64,53809625916641;427,41999281089056;298,3438002925577
TD3;InvertedPendulum-v4;173;30;361,1573333333333;355,258618337386;623,5666666666667;1000,0;;;9,246059568723043;1539,2954820871353;;3260000,0;173000,0;64,86105300383493;426,01838633716824;296,2962803294984
TD3;InvertedPendulum-v4;174;30;361,649;357,9406264900213;598,0333333333333;1000,0;;;9,273975118001301;1548,5694572051366;;3280000,0;174000,0;65,35071845870529;426,9997184587053;296,2982815412947
TD3;InvertedPendulum-v4;175;30;363,8896666666667;358,37794855463676;598,1333333333333;1000,0;533,0333333333333;481,920513071959;9,965343777338664;1558,5348009824752;;3300000,0;175000,0;65,43056217860017;429,32022884526685;298,45910448806654
TD3;InvertedPendulum-v4;176;30;366,67833333333334;360,3768693166998;599,0666666666667;1000,0;;;9,374743008613587;1567,9095439910889;;3320000,0;176000,0;65,79551350928261;432,47384684261596;300,8828198240507
TD3;InvertedPendulum-v4;177;30;370,6176666666667;363,11888469949105;603,4;1000,0;;;9,304733562469483;1577,2142775535583;;3340000,0;177000,0;66,29613473534292;436,91380140200965;304,32153193132376
TD3;InvertedPendulum-v4;178;30;372,9273333333333;361,2714473760629;604,8333333333334;1000,0;;;9,302307621637981;1586,5165851751963;;3360000,0;178000,0;65,95884037013673;438,88617370347004;306,9684929631966
TD3;InvertedPendulum-v4;179;30;375,54699999999997;361,36853609147624;598,1;1000,0;;;9,27387776374817;1595,7904629389445;;3380000,0;179000,0;65,97656626330709;441,5235662633071;309,57043373669285
TD3;InvertedPendulum-v4;180;30;377,695;361,9910243862504;593,6;1000,0;594,8166666666667;471,8023695569367;10,095043293635051;1605,8855062325795;;3400000,0;180000,0;66,09021655691734;443,78521655691736;311,6047834430826
TD3;InvertedPendulum-v4;181;30;380,66066666666666;363,65839075299425;601,2666666666667;1000,0;;;9,303425431251526;1615,188931663831;;3420000,0;181000,0;66,39463461381435;447,055301280481;314,2660320528523
TD3;InvertedPendulum-v4;182;30;384,8463333333333;365,5903151822508;616,1;1000,0;;;9,341728480656942;1624,530660144488;;3440000,0;182000,0;66,74735414358072;451,593687476914;318,0989791897526
TD3;InvertedPendulum-v4;183;30;388,0486666666667;365,1558321455171;619,1666666666666;1000,0;;;9,30766321818034;1633,8383233626685;;3460000,0;183000,0;66,66802875688992;454,71669542355664;321,38063790977674
TD3;InvertedPendulum-v4;184;30;390,54200000000003;365,0654282255679;621,3333333333334;1000,0;;;9,29595221678416;1643,1342755794526;;3480000,0;184000,0;66,6515233348089;457,1935233348089;323,89047666519116
TD3;InvertedPendulum-v4;185;30;393,255;365,50758517295577;641,6;1000,0;621,0966666666667;473,288686039856;10,202569580078125;1653,3368451595306;;3500000,0;185000,0;66,73224977948955;459,98724977948956;326,52275022051043
TD3;InvertedPendulum-v4;186;30;395,8653333333333;366,7506282977326;641,6;1000,0;;;9,34418929417928;1662,68103445371;;3520000,0;186000,0;66,95919736595354;462,8245306992868;328,9061359673798
TD3;InvertedPendulum-v4;187;30;400,75333333333333;367,8213682672922;671,4666666666667;1000,0;;;9,3046706755956;1671,9857051293054;;3540000,0;187000,0;67,15468684413695;467,9080201774703;333,59864648919637
TD3;InvertedPendulum-v4;188;30;404,18833333333333;367,85935441165674;671,4666666666667;1000,0;;;9,258386500676473;1681,244091629982;;3560000,0;188000,0;67,16162213351731;471,34995546685064;337,026711199816
TD3;InvertedPendulum-v4;189;30;407,616;368,30436533033287;671,4666666666667;1000,0;;;9,336888821919759;1690,5809804519017;;3580000,0;189000,0;67,24286963968231;474,8588696396823;340,37313036031765
TD3;InvertedPendulum-v4;190;30;410,18333333333334;369,256228778817;671,4666666666667;1000,0;653,9699999999999;468,1657046388596;10,259921964009603;1700,8409024159114;;3600000,0;190000,0;67,41665533381546;477,5999886671488;342,76667799951787
TD3;InvertedPendulum-v4;191;30;413,5563333333333;370,80825466468684;672,5;1000,0;;;9,40798097451528;1710,2488833904267;;3620000,0;191000,0;67,70001519632308;481,2563485296564;345,85631813701025
TD3;InvertedPendulum-v4;192;30;417,582;372,2281989762509;672,5;1000,0;;;9,374295981725057;1719,6231793721518;;3640000,0;192000,0;67,959260372938;485,541260372938;349,622739627062
TD3;InvertedPendulum-v4;193;30;422,137;372,1715445602267;677,7;1000,0;;;9,363739562034606;1728,9869189341864;;3660000,0;193000,0;67,94891673905842;490,0859167390584;354,1880832609416
TD3;InvertedPendulum-v4;194;30;425,8383333333333;372,8130612267552;676,0;1000,0;;;9,353031277656555;1738,339950211843;;3680000,0;194000,0;68,06604112214949;493,9043744554828;357,7722922111838
TD3;InvertedPendulum-v4;195;30;428,402;373,04759142075636;675,3666666666667;1000,0;653,8966666666668;461,57797823174553;10,135650364557902;1748,4756005764007;;3700000,0;195000,0;68,10886028137298;496,51086028137297;360,293139718627
TD3;InvertedPendulum-v4;196;30;431,6377054026504;374,6874828005666;675,5;1000,0;;;9,404047179222108;1757,879647755623;;3720000,0;196000,0;68,40826211489976;500,04596751755014;363,22944328775066
TD3;InvertedPendulum-v4;197;30;435,72252777777777;375,37716932404913;676,8333333333334;1000,0;;;9,417872524261474;1767,2975202798843;;3740000,0;197000,0;68,53418107040599;504,25670884818373;367,1883467073718
TD3;InvertedPendulum-v4;198;30;439,892;375,25494987109585;678,5;1000,0;;;9,369858082135519;1776,66737836202;;3760000,0;198000,0;68,51186695328984;508,4038669532898;371,38013304671017
TD3;InvertedPendulum-v4;199;30;443,147;375,4387977870602;678,4;1000,0;;;9,362999677658081;1786,030378039678;;3780000,0;199000,0;68,5454328368645;511,6924328368645;374,6015671631355
TD3;InvertedPendulum-v4;200;30;444,0303333333333;374,5760658764402;678,4;1000,0;647,4599999999999;458,9583007127156;10,29454909960429;1796,3249271392822;;3800000,0;200000,0;68,38792026068914;512,4182535940224;375,64241307264416
